account,account_url
nebzao,https://www.instagram.com/nebzao/,
astralanimalart,https://www.instagram.com/astralanimalart/,
cactusdqp,https://www.instagram.com/cactusdqp/,
mucca.art,https://www.instagram.com/mucca.art/,
the.mind.spill,https://www.instagram.com/the.mind.spill/,
disco.byte,https://www.instagram.com/disco.byte/,
spookygramsai,https://www.instagram.com/spookygramsai/,
exquisite_noise,https://www.instagram.com/exquisite_noise/,
pani.bagieta,https://www.instagram.com/pani.bagieta/,
baby_rute,https://www.instagram.com/baby_rute/,
aluge07,https://www.instagram.com/aluge07/,
naturefuturist,https://www.instagram.com/naturefuturist/,
aiotosan,https://www.instagram.com/aiotosan/,
petebreakers,https://www.instagram.com/petebreakers/,
srtsd77,https://www.instagram.com/srtsd77/,
gastonfabiomagi,https://www.instagram.com/gastonfabiomagi/,
asami_goto.art,https://www.instagram.com/asami_goto.art/,
imaginary_connection,https://www.instagram.com/imaginary_connection/,
aibildagentur,https://www.instagram.com/aibildagentur/,
aisagacrafters,https://www.instagram.com/aisagacrafters/,
aistrokemaster,https://www.instagram.com/aistrokemaster/,
the_clone_supper,https://www.instagram.com/the_clone_supper/,
mollyr100,https://www.instagram.com/mollyr100/,
pixi_ai_art,https://www.instagram.com/pixi_ai_art/,
zoki_productionzmusic,https://www.instagram.com/zoki_productionzmusic/,
gimmethejuiceboy,https://www.instagram.com/gimmethejuiceboy/,
peli55.laura,https://www.instagram.com/peli55.laura/,
ai_psych_art,https://www.instagram.com/ai_psych_art/,
artvisioons.ai,https://www.instagram.com/artvisioons.ai/,
thedougster2004,https://www.instagram.com/thedougster2004/,
cherocker,https://www.instagram.com/cherocker/,
quiller_art,https://www.instagram.com/quiller_art/,
neko.ia.art,https://www.instagram.com/neko.ia.art/,
onceinaverybluemoon,https://www.instagram.com/onceinaverybluemoon/,
arthur.the.ai,https://www.instagram.com/arthur.the.ai/,
theklimate,https://www.instagram.com/theklimate/,
cl.audio_bel,https://www.instagram.com/cl.audio_bel/,
betulkavruk,https://www.instagram.com/betulkavruk/,
alvordloop,https://www.instagram.com/alvordloop/,
dream_anomaly,https://www.instagram.com/dream_anomaly/,
crisillustrate,https://www.instagram.com/crisillustrate/,
iabeautyart,https://www.instagram.com/iabeautyart/,
scopesandstones,https://www.instagram.com/scopesandstones/,
boxesofnoise,https://www.instagram.com/boxesofnoise/,
pocket_models_ai,https://www.instagram.com/pocket_models_ai/,
dreamlike.mike,https://www.instagram.com/dreamlike.mike/,
antalpha.ai,https://www.instagram.com/antalpha.ai/,
tonysealimagery,https://www.instagram.com/tonysealimagery/
arsifineartgallery,https://www.instagram.com/arsifineartgallery/
bad_wolf__x,https://www.instagram.com/bad_wolf__x/
deadmanrunning1,https://www.instagram.com/deadmanrunning1/
_robertamaretto_,https://www.instagram.com/_robertamaretto_/
riccardo_marco_photography,https://www.instagram.com/riccardo_marco_photography/
gardenlilycottage,https://www.instagram.com/gardenlilycottage/
m_mercurio,https://www.instagram.com/m_mercurio/
elnaz_alinejad,https://www.instagram.com/elnaz_alinejad/
frankpeeters_be,https://www.instagram.com/frankpeeters_be/
ingarkristo,https://www.instagram.com/ingarkristo/
rvonvihar,https://www.instagram.com/rvonvihar/
faruqh2017,https://www.instagram.com/faruqh2017/
thewildgoose_child,https://www.instagram.com/thewildgoose_child/
wlcmtomachine,https://www.instagram.com/wlcmtomachine/
11nic_e,https://www.instagram.com/11nic_e/
eastb88,https://www.instagram.com/eastb88/
maria.delcaro,https://www.instagram.com/maria.delcaro/
valentina.is80,https://www.instagram.com/valentina.is80/
cobaltblau77,https://www.instagram.com/cobaltblau77/
maslebnw,https://www.instagram.com/maslebnw/
christophecappelliphotography,https://www.instagram.com/christophecappelliphotography/
maurizio.suraci97,https://www.instagram.com/maurizio.suraci97/
nnyx_lll,https://www.instagram.com/nnyx_lll/
my_bnw_nature01,https://www.instagram.com/my_bnw_nature01/
queseyopan,https://www.instagram.com/queseyopan/
carpinteiro.duniverso,https://www.instagram.com/carpinteiro.duniverso/
kiekmoareem2,https://www.instagram.com/kiekmoareem2/
mukaiyama0212,https://www.instagram.com/mukaiyama0212/
trippymaggot,https://www.instagram.com/trippymaggot/
an_art_a,https://www.instagram.com/an_art_a/
gennarotot63,https://www.instagram.com/gennarotot63/
marclentz_photography,https://www.instagram.com/marclentz_photography/
mertalien,https://www.instagram.com/mertalien/
sebastian.mezei,https://www.instagram.com/sebastian.mezei/
chrispet_eventzphoto,https://www.instagram.com/chrispet_eventzphoto/
heithem.chebbi,https://www.instagram.com/heithem.chebbi/
miguel_opo,https://www.instagram.com/miguel_opo/
target_comunicazione,https://www.instagram.com/target_comunicazione/
us_perspective,https://www.instagram.com/us_perspective/
anneboehle,https://www.instagram.com/anneboehle/
tri.x.pan,https://www.instagram.com/tri.x.pan/
tosi280140,https://www.instagram.com/tosi280140/
ourstreet_bnw,https://www.instagram.com/ourstreet_bnw/
sylwia_prus,https://www.instagram.com/sylwia_prus/
aahmetgorgun,https://www.instagram.com/aahmetgorgun/
matuszewski.marcin,https://www.instagram.com/matuszewski.marcin/
daviferant,https://www.instagram.com/daviferant/
nu_nunu_nu,https://www.instagram.com/nu_nunu_nu/
cymmm,https://www.instagram.com/cymmm/
dako.monochrome,https://www.instagram.com/dako.monochrome/
arqalmaprz,https://www.instagram.com/arqalmaprz/
_adventure_withus_,https://www.instagram.com/_adventure_withus_/
jorgelsilva3193photourbe,https://www.instagram.com/jorgelsilva3193photourbe/
blackandwhitehr,https://www.instagram.com/blackandwhitehr/
richard_bruun,https://www.instagram.com/richard_bruun/
ahmed.elsersawy11,https://www.instagram.com/ahmed.elsersawy11/
byhumai,https://www.instagram.com/byhumai/
pozar_de_weekend,https://www.instagram.com/pozar_de_weekend/
soydonalfredo,https://www.instagram.com/soydonalfredo/
enver.manco,https://www.instagram.com/enver.manco/
_.o.victoria,https://www.instagram.com/_.o.victoria/
en_blancowhite_y_negroblack,https://www.instagram.com/en_blancowhite_y_negroblack/
takispsarros.symi_island,https://www.instagram.com/takispsarros.symi_island/
objectifraw,https://www.instagram.com/objectifraw/
vision_bnw,https://www.instagram.com/vision_bnw/
really_just_joshua,https://www.instagram.com/really_just_joshua/
streetspik,https://www.instagram.com/streetspik/
524kk,https://www.instagram.com/524kk/
tagi2122,https://www.instagram.com/tagi2122/
wirbelwind_71,https://www.instagram.com/wirbelwind_71/
yosua.henwi,https://www.instagram.com/yosua.henwi/
nori_bnw_photo_labo,https://www.instagram.com/nori_bnw_photo_labo/
bw_photos_art,https://www.instagram.com/bw_photos_art/
joeyfingis,https://www.instagram.com/joeyfingis/
marticlaramunt,https://www.instagram.com/marticlaramunt/
margo33.3,https://www.instagram.com/margo33.3/
kamilka_788,https://www.instagram.com/kamilka_788/
angie_patique_music_a,https://www.instagram.com/angie_patique_music_a/
panmoutoglis,https://www.instagram.com/panmoutoglis/
giuseppe_tosetti_photo,https://www.instagram.com/giuseppe_tosetti_photo/
csokistiborbarsi,https://www.instagram.com/csokistiborbarsi/
antoniocardenas8212,https://www.instagram.com/antoniocardenas8212/
amoreno_fotography,https://www.instagram.com/amoreno_fotography/
nicole.soulful_art,https://www.instagram.com/nicole.soulful_art/
pepvng_photos,https://www.instagram.com/pepvng_photos/
oleksyaneta,https://www.instagram.com/oleksyaneta/
siktasoch,https://www.instagram.com/siktasoch/
dee__matt,https://www.instagram.com/dee__matt/
seaart.uk,https://www.instagram.com/seaart.uk/
victor_g._imagynarte,https://www.instagram.com/victor_g._imagynarte/
andreas_hoschi_r,https://www.instagram.com/andreas_hoschi_r/
amaia_elu_etxaburu,https://www.instagram.com/amaia_elu_etxaburu/
mb_latucolors,https://www.instagram.com/mb_latucolors/
mon.kut17,https://www.instagram.com/mon.kut17/
bolu.amatorfotografclik,https://www.instagram.com/bolu.amatorfotografclik/
_bellaisa_flash_nature_,https://www.instagram.com/_bellaisa_flash_nature_/
einfachmalrumwandern,https://www.instagram.com/einfachmalrumwandern/
nature.beauty.byn,https://www.instagram.com/nature.beauty.byn/
dejando_huella12.7,https://www.instagram.com/dejando_huella12.7/
dolo_heragraso,https://www.instagram.com/dolo_heragraso/
checheroal,https://www.instagram.com/checheroal/
tillyconstanzo,https://www.instagram.com/tillyconstanzo/
susandenicolo.art,https://www.instagram.com/susandenicolo.art/
terrarossaart,https://www.instagram.com/terrarossaart/
freddy.goes.to,https://www.instagram.com/freddy.goes.to/
lyubart.phila,https://www.instagram.com/lyubart.phila/
blue.raspberry.farm,https://www.instagram.com/blue.raspberry.farm/
redbell15,https://www.instagram.com/redbell15/
jenniferogdenart,https://www.instagram.com/jenniferogdenart/
haritha.redy,https://www.instagram.com/haritha.redy/
paranoidandroid261,https://www.instagram.com/paranoidandroid261/
_beachberg_bnw_,https://www.instagram.com/_beachberg_bnw_/
amin.elmasry.359,https://www.instagram.com/amin.elmasry.359/
johiva5,https://www.instagram.com/johiva5/
ilmondoditoshi,https://www.instagram.com/ilmondoditoshi/
todo.filip,https://www.instagram.com/todo.filip/
raulo.ro,https://www.instagram.com/raulo.ro/
daily_living_dreams,https://www.instagram.com/daily_living_dreams/
furnacefashionedphotography,https://www.instagram.com/furnacefashionedphotography/
giorgoskalel,https://www.instagram.com/giorgoskalel/
my_life_in_bnw,https://www.instagram.com/my_life_in_bnw/
benazir_antonella,https://www.instagram.com/benazir_antonella/
bob.fotografia2,https://www.instagram.com/bob.fotografia2/
aldoraullujanzanetti,https://www.instagram.com/aldoraullujanzanetti/
flywithfii,https://www.instagram.com/flywithfii/
onlyphotos_cf,https://www.instagram.com/onlyphotos_cf/
francys.wall,https://www.instagram.com/francys.wall/
anil.bnwphotography,https://www.instagram.com/anil.bnwphotography/
richi692011,https://www.instagram.com/richi692011/
gobigjo,https://www.instagram.com/gobigjo/
payaza_1955,https://www.instagram.com/payaza_1955/
rafaportillo75,https://www.instagram.com/rafaportillo75/
beasco,https://www.instagram.com/beasco/
bankowicz_photographer,https://www.instagram.com/bankowicz_photographer/
alpha_qruste,https://www.instagram.com/alpha_qruste/
masa.y.907,https://www.instagram.com/masa.y.907/
yuuzi1529,https://www.instagram.com/yuuzi1529/
take_the_guitar,https://www.instagram.com/take_the_guitar/
birnats,https://www.instagram.com/birnats/
grasanowacka,https://www.instagram.com/grasanowacka/
j.portal.l,https://www.instagram.com/j.portal.l/
cjwd6y,https://www.instagram.com/cjwd6y/
albertomyself,https://www.instagram.com/albertomyself/
juanramonromerobarrenechea,https://www.instagram.com/juanramonromerobarrenechea/
sgmoroccotours,https://www.instagram.com/sgmoroccotours/
richardrullmann,https://www.instagram.com/richardrullmann/
magdalena.1314,https://www.instagram.com/magdalena.1314/
hajdarovic_denis,https://www.instagram.com/hajdarovic_denis/
ariatersa_,https://www.instagram.com/ariatersa_/
manu_jovi_exp,https://www.instagram.com/manu_jovi_exp/
peladamagica,https://www.instagram.com/peladamagica/
_therodri,https://www.instagram.com/_therodri/
chris.scord,https://www.instagram.com/chris.scord/
edu.calvet,https://www.instagram.com/edu.calvet/
greg1,https://www.instagram.com/greg1/
a_t_f_bnw,https://www.instagram.com/a_t_f_bnw/
jalobato8491,https://www.instagram.com/jalobato8491/
pablobroto57,https://www.instagram.com/pablobroto57/
jarekiwo,https://www.instagram.com/jarekiwo/
dzanetos_minos6art,https://www.instagram.com/dzanetos_minos6art/
jorgerio_photo,https://www.instagram.com/jorgerio_photo/
fmariaf3,https://www.instagram.com/fmariaf3/
mieryteranfrancisco,https://www.instagram.com/mieryteranfrancisco/
minnermann,https://www.instagram.com/minnermann/
stableyphotography,https://www.instagram.com/stableyphotography/
__evangelion_,https://www.instagram.com/__evangelion_/
borisprvi,https://www.instagram.com/borisprvi/
eduardopcmoreira,https://www.instagram.com/eduardopcmoreira/
alexontheroad7,https://www.instagram.com/alexontheroad7/
pepografo,https://www.instagram.com/pepografo/
setvvv1234,https://www.instagram.com/setvvv1234/
zeiddoff,https://www.instagram.com/zeiddoff/
visions.of.man,https://www.instagram.com/visions.of.man/
birgittahreidarsdottir,https://www.instagram.com/birgittahreidarsdottir/
le_emozioni_di_liu,https://www.instagram.com/le_emozioni_di_liu/
benoit0034b,https://www.instagram.com/benoit0034b/
alyx_light,https://www.instagram.com/alyx_light/
pawelwach.1707,https://www.instagram.com/pawelwach.1707/
statt_werke,https://www.instagram.com/statt_werke/
street.fotossca,https://www.instagram.com/street.fotossca/
mrunderhills_monochrome,https://www.instagram.com/mrunderhills_monochrome/
hannuhuotarinen,https://www.instagram.com/hannuhuotarinen/
shannonmarstonphotography,https://www.instagram.com/shannonmarstonphotography/
grabiczaphotography,https://www.instagram.com/grabiczaphotography/
naotaro5963,https://www.instagram.com/naotaro5963/
beverlynero,https://www.instagram.com/beverlynero/
c_pgrays,https://www.instagram.com/c_pgrays/
nilva.rn,https://www.instagram.com/nilva.rn/
lucyonthego1,https://www.instagram.com/lucyonthego1/
lore_postales,https://www.instagram.com/lore_postales/
roland_boekemeier_photografie,https://www.instagram.com/roland_boekemeier_photografie/
nuernberg_gestern_heute,https://www.instagram.com/nuernberg_gestern_heute/
natural_727,https://www.instagram.com/natural_727/
pyt.kamil,https://www.instagram.com/pyt.kamil/
snapmedia_1619,https://www.instagram.com/snapmedia_1619/
wiroiwan_212,https://www.instagram.com/wiroiwan_212/
cathihealy,https://www.instagram.com/cathihealy/
csuarezb_photography,https://www.instagram.com/csuarezb_photography/
sabine_1128,https://www.instagram.com/sabine_1128/
hans_joachim_knorr_photography,https://www.instagram.com/hans_joachim_knorr_photography/
gomasbicromatadas,https://www.instagram.com/gomasbicromatadas/
itsallrigth,https://www.instagram.com/itsallrigth/
stylekracher,https://www.instagram.com/stylekracher/
marshadraws,https://www.instagram.com/marshadraws/
shades.of.concrete,https://www.instagram.com/shades.of.concrete/
kiltedkiwiclicks,https://www.instagram.com/kiltedkiwiclicks/
max.karpinski,https://www.instagram.com/max.karpinski/
okapysun,https://www.instagram.com/okapysun/
hoda.moments,https://www.instagram.com/hoda.moments/
pertsjam,https://www.instagram.com/pertsjam/
trillooctavio,https://www.instagram.com/trillooctavio/
bodhannayek,https://www.instagram.com/bodhannayek/
zahoormukhtar,https://www.instagram.com/zahoormukhtar/
vladimirks86,https://www.instagram.com/vladimirks86/
cnicholsonart1,https://www.instagram.com/cnicholsonart1/
rasimgul9,https://www.instagram.com/rasimgul9/
ariannapoglianitrue,https://www.instagram.com/ariannapoglianitrue/
pastore.tiziano.1,https://www.instagram.com/pastore.tiziano.1/
cosentinoluigi,https://www.instagram.com/cosentinoluigi/
lisandrova.ph,https://www.instagram.com/lisandrova.ph/
rasta_la_vida,https://www.instagram.com/rasta_la_vida/
david_wallace_dw,https://www.instagram.com/david_wallace_dw/
experience.bw,https://www.instagram.com/experience.bw/
veronika_shelk,https://www.instagram.com/veronika_shelk/
bnwexperiencie,https://www.instagram.com/bnwexperiencie/
monomind2021,https://www.instagram.com/monomind2021/
so_lunni_art,https://www.instagram.com/so_lunni_art/
satheeshnair26,https://www.instagram.com/satheeshnair26/
lieblingsfotosmachen,https://www.instagram.com/lieblingsfotosmachen/
j_a_k_60,https://www.instagram.com/j_a_k_60/
bsidevenice,https://www.instagram.com/bsidevenice/
absolute_beautiful_creation,https://www.instagram.com/absolute_beautiful_creation/
all_roads_lead_to_nowhere,https://www.instagram.com/all_roads_lead_to_nowhere/
photovanbook,https://www.instagram.com/photovanbook/
luna_di_chicche,https://www.instagram.com/luna_di_chicche/
matt.morganphotography,https://www.instagram.com/matt.morganphotography/
cvdreekbw,https://www.instagram.com/cvdreekbw/
stallivieregioacchino,https://www.instagram.com/stallivieregioacchino/
_vishal_editor_1,https://www.instagram.com/_vishal_editor_1/
s.ermakov_photo,https://www.instagram.com/s.ermakov_photo/
latentarcana,https://www.instagram.com/latentarcana/
nan.norred.art,https://www.instagram.com/nan.norred.art/
anievange.ph,https://www.instagram.com/anievange.ph/
mayconvirtuosofotografoderua,https://www.instagram.com/mayconvirtuosofotografoderua/
_karnagraphy_,https://www.instagram.com/_karnagraphy_/
zmm_arteemmadeira,https://www.instagram.com/zmm_arteemmadeira/
didiyx,https://www.instagram.com/didiyx/
busho_eshi,https://www.instagram.com/busho_eshi/
hiltrudesthermenz,https://www.instagram.com/hiltrudesthermenz/
andie_faderog,https://www.instagram.com/andie_faderog/
roberta.ferrari1967,https://www.instagram.com/roberta.ferrari1967/
landoroberto,https://www.instagram.com/landoroberto/
art.irenedanto,https://www.instagram.com/art.irenedanto/
mauropal1,https://www.instagram.com/mauropal1/
jensjourneys3,https://www.instagram.com/jensjourneys3/
snjezanamar,https://www.instagram.com/snjezanamar/
step.by.step_bnw,https://www.instagram.com/step.by.step_bnw/
artist_sinisa_kulasevic,https://www.instagram.com/artist_sinisa_kulasevic/
bersi_i_,https://www.instagram.com/bersi_i_/
anushas.online,https://www.instagram.com/anushas.online/
tazyastic,https://www.instagram.com/tazyastic/
walekdorota,https://www.instagram.com/walekdorota/
scarabelligiorgio,https://www.instagram.com/scarabelligiorgio/
dich0r,https://www.instagram.com/dich0r/
pierre.salvador,https://www.instagram.com/pierre.salvador/
people_on_streets,https://www.instagram.com/people_on_streets/
prophetlaundry,https://www.instagram.com/prophetlaundry/
rozaorozahunova,https://www.instagram.com/rozaorozahunova/
la.comedie.humaine,https://www.instagram.com/la.comedie.humaine/
pbarquerorios,https://www.instagram.com/pbarquerorios/
from_holland_with_love_,https://www.instagram.com/from_holland_with_love_/
mgold9851,https://www.instagram.com/mgold9851/
oskarobermeier,https://www.instagram.com/oskarobermeier/
dai_smile2525,https://www.instagram.com/dai_smile2525/
eugeniapickina,https://www.instagram.com/eugeniapickina/
steffen_s._berlin_,https://www.instagram.com/steffen_s._berlin_/
gianpietrovalota,https://www.instagram.com/gianpietrovalota/
snowi.ffxiv,https://www.instagram.com/snowi.ffxiv/
sanes.art,https://www.instagram.com/sanes.art/
people.of.here,https://www.instagram.com/people.of.here/
dragon.daze_cosplay,https://www.instagram.com/dragon.daze_cosplay/
kittn_mittnz,https://www.instagram.com/kittn_mittnz/
lv10_conjurer_ai,https://www.instagram.com/lv10_conjurer_ai/
studio_new_horizons,https://www.instagram.com/studio_new_horizons/
midyourmind,https://www.instagram.com/midyourmind/
el_creador_de_espejismos,https://www.instagram.com/el_creador_de_espejismos/
ai_arthijabi,https://www.instagram.com/ai_arthijabi/
ai.cats.daily,https://www.instagram.com/ai.cats.daily/
interstellar.art.designs,https://www.instagram.com/interstellar.art.designs/
impish.ai,https://www.instagram.com/impish.ai/
artificial_ignorance_s,https://www.instagram.com/artificial_ignorance_s/
trulosek_art,https://www.instagram.com/trulosek_art/
steampunk_romance,https://www.instagram.com/steampunk_romance/
ai.artistic.in,https://www.instagram.com/ai.artistic.in/
haraganarts,https://www.instagram.com/haraganarts/
ai.prompt.aura,https://www.instagram.com/ai.prompt.aura/
robotkenji,https://www.instagram.com/robotkenji/
gotti399339,https://www.instagram.com/gotti399339/
iiishkiii_ai,https://www.instagram.com/iiishkiii_ai/
btfl.cats,https://www.instagram.com/btfl.cats/
professorfenris,https://www.instagram.com/professorfenris/
funkingcreations,https://www.instagram.com/funkingcreations/
seraphgirls,https://www.instagram.com/seraphgirls/
fabsfable.ai,https://www.instagram.com/fabsfable.ai/
stann.is_,https://www.instagram.com/stann.is_/
trx.photomanipulation,https://www.instagram.com/trx.photomanipulation/
joshwrightart,https://www.instagram.com/joshwrightart/
dream.forge.artist,https://www.instagram.com/dream.forge.artist/
portr.ai.ts.of.her,https://www.instagram.com/portr.ai.ts.of.her/
dinozaury.ai,https://www.instagram.com/dinozaury.ai/
la_tommasino,https://www.instagram.com/la_tommasino/
joanna_castelli,https://www.instagram.com/joanna_castelli/
mvankoekje,https://www.instagram.com/mvankoekje/
katiejamesonphoto,https://www.instagram.com/katiejamesonphoto/
ai.hunktopia,https://www.instagram.com/ai.hunktopia/
peakmatu,https://www.instagram.com/peakmatu/
liebimprinzip,https://www.instagram.com/liebimprinzip/
boldsen,https://www.instagram.com/boldsen/
sarel.moon,https://www.instagram.com/sarel.moon/
strawberry_hive,https://www.instagram.com/strawberry_hive/
muji_baumkuchen,https://www.instagram.com/muji_baumkuchen/
candeiasluis,https://www.instagram.com/candeiasluis/
thecrownedmind,https://www.instagram.com/thecrownedmind/
seethefutureai,https://www.instagram.com/seethefutureai/
dazzledinacyan,https://www.instagram.com/dazzledinacyan/
instartificiel,https://www.instagram.com/instartificiel/
brandimacleod.art,https://www.instagram.com/brandimacleod.art/
minimalistmagic_ai,https://www.instagram.com/minimalistmagic_ai/
steffennormark,https://www.instagram.com/steffennormark/
mastropablo,https://www.instagram.com/mastropablo/
jason.linn,https://www.instagram.com/jason.linn/
dissectiondiary,https://www.instagram.com/dissectiondiary/
ziibbaa,https://www.instagram.com/ziibbaa/
kendana.animation.pe,https://www.instagram.com/kendana.animation.pe/
gerry_blvnt,https://www.instagram.com/gerry_blvnt/
galerie_cc_hannover,https://www.instagram.com/galerie_cc_hannover/
tsanta_razafi,https://www.instagram.com/tsanta_razafi/
gwnsang,https://www.instagram.com/gwnsang/
_christinagerg,https://www.instagram.com/_christinagerg/
angie_nerb_art,https://www.instagram.com/angie_nerb_art/
artiste.garcia,https://www.instagram.com/artiste.garcia/
vazquez_augusto,https://www.instagram.com/vazquez_augusto/
fashion_ai_1234,https://www.instagram.com/fashion_ai_1234/
luciazerche,https://www.instagram.com/luciazerche/
olivia_moreno413,https://www.instagram.com/olivia_moreno413/
freirehugog,https://www.instagram.com/freirehugog/
photographywent,https://www.instagram.com/photographywent/
ingenium_et_ars,https://www.instagram.com/ingenium_et_ars/
akshivnair,https://www.instagram.com/akshivnair/
thomas_themoreira,https://www.instagram.com/thomas_themoreira/
doom.corp,https://www.instagram.com/doom.corp/
grincha.livingstone,https://www.instagram.com/grincha.livingstone/
xzartsdotcom,https://www.instagram.com/xzartsdotcom/
aienchantedart,https://www.instagram.com/aienchantedart/
tairtairsauce,https://www.instagram.com/tairtairsauce/
dystoairealm,https://www.instagram.com/dystoairealm/
lovemoney,https://www.instagram.com/lovemoney/
mobbybarlow,https://www.instagram.com/mobbybarlow/
interpretedspace,https://www.instagram.com/interpretedspace/
ambivert_art,https://www.instagram.com/ambivert_art/
m.i.l.k.b.o.x,https://www.instagram.com/m.i.l.k.b.o.x/
ai___vvdb,https://www.instagram.com/ai___vvdb/
theory.of.ai,https://www.instagram.com/theory.of.ai/
kim.k_photography,https://www.instagram.com/kim.k_photography/
efremovalandscape,https://www.instagram.com/efremovalandscape/
amiraghakabolii,https://www.instagram.com/amiraghakabolii/
tiny_ttini,https://www.instagram.com/tiny_ttini/
shinovich_k,https://www.instagram.com/shinovich_k/
th_photography2208,https://www.instagram.com/th_photography2208/
hairwithper,https://www.instagram.com/hairwithper/
elenfo.surgut,https://www.instagram.com/elenfo.surgut/
darya.kozlova___,https://www.instagram.com/darya.kozlova___/
birmelek,https://www.instagram.com/birmelek/
dashaxyenova,https://www.instagram.com/dashaxyenova/
ai.fredy.creation,https://www.instagram.com/ai.fredy.creation/
pixel_princess.ai,https://www.instagram.com/pixel_princess.ai/
hmg_fantasy_ai,https://www.instagram.com/hmg_fantasy_ai/
sugarfoxstudios,https://www.instagram.com/sugarfoxstudios/
random_art_ai,https://www.instagram.com/random_art_ai/
chi3jp_aiart,https://www.instagram.com/chi3jp_aiart/
aipicnick,https://www.instagram.com/aipicnick/
creativerampage.ai,https://www.instagram.com/creativerampage.ai/
second_face_22,https://www.instagram.com/second_face_22/
white_knight_ai,https://www.instagram.com/white_knight_ai/
senior_collector,https://www.instagram.com/senior_collector/
ai_robo_brush,https://www.instagram.com/ai_robo_brush/
aideuart,https://www.instagram.com/aideuart/
manylaughsai,https://www.instagram.com/manylaughsai/
theaiphotographer,https://www.instagram.com/theaiphotographer/
lisalisalisa199,https://www.instagram.com/lisalisalisa199/
redygirly,https://www.instagram.com/redygirly/
ria_carrma,https://www.instagram.com/ria_carrma/
annaiart22fantasy,https://www.instagram.com/annaiart22fantasy/
anime.otaku.addict,https://www.instagram.com/anime.otaku.addict/
daidreamingart,https://www.instagram.com/daidreamingart/
saizoai,https://www.instagram.com/saizoai/
rapha_apocalypse,https://www.instagram.com/rapha_apocalypse/
yuki.ai.art,https://www.instagram.com/yuki.ai.art/
a.i._portraits,https://www.instagram.com/a.i._portraits/
kinoko_noko09,https://www.instagram.com/kinoko_noko09/
alwing.s,https://www.instagram.com/alwing.s/
hipsung,https://www.instagram.com/hipsung/
kalvin_ai_artwork,https://www.instagram.com/kalvin_ai_artwork/
ifmycatwerereal,https://www.instagram.com/ifmycatwerereal/
dirkjazzilla,https://www.instagram.com/dirkjazzilla/
micchan_aiart,https://www.instagram.com/micchan_aiart/
bouchy_ai_art,https://www.instagram.com/bouchy_ai_art/
the_ashesone,https://www.instagram.com/the_ashesone/
professormoriarty_ai,https://www.instagram.com/professormoriarty_ai/
drawiaj,https://www.instagram.com/drawiaj/
cooking_with_ai,https://www.instagram.com/cooking_with_ai/
tic.ppp,https://www.instagram.com/tic.ppp/
designs_arts_ai,https://www.instagram.com/designs_arts_ai/
karinapomorina,https://www.instagram.com/karinapomorina/
ikiv.111,https://www.instagram.com/ikiv.111/
eron_ai_creator,https://www.instagram.com/eron_ai_creator/
captainematt,https://www.instagram.com/captainematt/
ai_s_girls,https://www.instagram.com/ai_s_girls/
liitura.artist,https://www.instagram.com/liitura.artist/
nilie.ai,https://www.instagram.com/nilie.ai/
sol029_aiart,https://www.instagram.com/sol029_aiart/
deaminerva0612,https://www.instagram.com/deaminerva0612/
aiaddicted,https://www.instagram.com/aiaddicted/
tnkshnch,https://www.instagram.com/tnkshnch/
vik.aiia,https://www.instagram.com/vik.aiia/
aiclass_g2,https://www.instagram.com/aiclass_g2/
zamzara.art.ai,https://www.instagram.com/zamzara.art.ai/
alex_._mk,https://www.instagram.com/alex_._mk/
mg_aidesigns,https://www.instagram.com/mg_aidesigns/
biohacker_comics,https://www.instagram.com/biohacker_comics/
amy_drastie_art,https://www.instagram.com/amy_drastie_art/
tell_me_to_create,https://www.instagram.com/tell_me_to_create/
ai_ilariamerola,https://www.instagram.com/ai_ilariamerola/
midjrny.guy,https://www.instagram.com/midjrny.guy/
shareamoment.ai,https://www.instagram.com/shareamoment.ai/
aiskippedintro,https://www.instagram.com/aiskippedintro/
ai_nset,https://www.instagram.com/ai_nset/
nagisa_iso,https://www.instagram.com/nagisa_iso/
a.i.nime_dreaming,https://www.instagram.com/a.i.nime_dreaming/
lilyrosegevart2,https://www.instagram.com/lilyrosegevart2/
ki.ist.kunst,https://www.instagram.com/ki.ist.kunst/
createartai,https://www.instagram.com/createartai/
calibrer_pixai_art,https://www.instagram.com/calibrer_pixai_art/
leveruna,https://www.instagram.com/leveruna/
digitalferno,https://www.instagram.com/digitalferno/
fantasy_ia_world,https://www.instagram.com/fantasy_ia_world/
badimagination825,https://www.instagram.com/badimagination825/
ai.anime.allie,https://www.instagram.com/ai.anime.allie/
inspir_ai_tions,https://www.instagram.com/inspir_ai_tions/
digitalartonly,https://www.instagram.com/digitalartonly/
wildroseai,https://www.instagram.com/wildroseai/
grafy_roy,https://www.instagram.com/grafy_roy/
aeternia_universe,https://www.instagram.com/aeternia_universe/
magrittevincent,https://www.instagram.com/magrittevincent/
fortuitous_ai,https://www.instagram.com/fortuitous_ai/
ai_art_jedima,https://www.instagram.com/ai_art_jedima/
ia.onirica,https://www.instagram.com/ia.onirica/
wandelfalkeai,https://www.instagram.com/wandelfalkeai/
ai.art.ai27,https://www.instagram.com/ai.art.ai27/
maidenless_ai,https://www.instagram.com/maidenless_ai/
maiks_u_jaquys_epicai,https://www.instagram.com/maiks_u_jaquys_epicai/
miss.aiprincess,https://www.instagram.com/miss.aiprincess/
theai.artist,https://www.instagram.com/theai.artist/
cyborgdolls7,https://www.instagram.com/cyborgdolls7/
ai_by_kyotoxsan,https://www.instagram.com/ai_by_kyotoxsan/
alirio.saldanha,https://www.instagram.com/alirio.saldanha/
ai_artist_o.kaposi,https://www.instagram.com/ai_artist_o.kaposi/
xidpix,https://www.instagram.com/xidpix/
