account,account_url
minsun_1207,https://www.instagram.com/minsun_1207/,
untact_info48,https://www.instagram.com/untact_info48/,
ddooddang_factory,https://www.instagram.com/ddooddang_factory/,
okay0116okay,https://www.instagram.com/okay0116okay/,
bongkee_bongkee,https://www.instagram.com/bongkee_bongkee/,
toy_royoun,https://www.instagram.com/toy_royoun/,
monomona_vtg_official,https://www.instagram.com/monomona_vtg_official/,
canterbury_vintage_,https://www.instagram.com/canterbury_vintage_/,
double.d.living,https://www.instagram.com/double.d.living/,
duffychannel201903,https://www.instagram.com/duffychannel201903/,
herroomzip,https://www.instagram.com/herroomzip/,
vintage.hazeltown,https://www.instagram.com/vintage.hazeltown/,
seulgi_eun,https://www.instagram.com/seulgi_eun/,
hella_bear,https://www.instagram.com/hella_bear/,
dollstore.ccb,https://www.instagram.com/dollstore.ccb/,
we_sell_bears,https://www.instagram.com/we_sell_bears/,
bbangsil_2shop,https://www.instagram.com/bbangsil_2shop/,
jadore_antique,https://www.instagram.com/jadore_antique/,
vely_life___,https://www.instagram.com/vely_life___/,
lovvesong,https://www.instagram.com/lovvesong/,
dasomdury02,https://www.instagram.com/dasomdury02/,
_313day,https://www.instagram.com/_313day/,
caliantique,https://www.instagram.com/caliantique/,
likekyo_world,https://www.instagram.com/likekyo_world/,
daon472412,https://www.instagram.com/daon472412/,
excellent_tip,https://www.instagram.com/excellent_tip/,
ye_._.seul,https://www.instagram.com/ye_._.seul/,
4mooso,https://www.instagram.com/4mooso/,
antagefriends,https://www.instagram.com/antagefriends/,
jennie__pick,https://www.instagram.com/jennie__pick/
mic_mac11,https://www.instagram.com/mic_mac11/
julyrose_official,https://www.instagram.com/julyrose_official/
rorounni_,https://www.instagram.com/rorounni_/
_rendyworld,https://www.instagram.com/_rendyworld/
dino_kim_,https://www.instagram.com/dino_kim_/
tickettojoy,https://www.instagram.com/tickettojoy/
haroohangyodon,https://www.instagram.com/haroohangyodon/
im.tiler,https://www.instagram.com/im.tiler/
kiddisground,https://www.instagram.com/kiddisground/
boogie__day,https://www.instagram.com/boogie__day/
toydochi_,https://www.instagram.com/toydochi_/
lovethat_official,https://www.instagram.com/lovethat_official/
vintage_210,https://www.instagram.com/vintage_210/
_happy.smiley,https://www.instagram.com/_happy.smiley/
_h_far,https://www.instagram.com/_h_far/
sydney_vanilla_,https://www.instagram.com/sydney_vanilla_/
_plantfulness.life,https://www.instagram.com/_plantfulness.life/
bella_k_tableware,https://www.instagram.com/bella_k_tableware/
seongdasom,https://www.instagram.com/seongdasom/
seoul_antique,https://www.instagram.com/seoul_antique/
jhehe.n_n,https://www.instagram.com/jhehe.n_n/
ellycandle,https://www.instagram.com/ellycandle/
k.gahyun___,https://www.instagram.com/k.gahyun___/
_cuzcake_,https://www.instagram.com/_cuzcake_/
newworld_earnii,https://www.instagram.com/newworld_earnii/
gazi_project_,https://www.instagram.com/gazi_project_/
myglow20,https://www.instagram.com/myglow20/
joke_tang1245,https://www.instagram.com/joke_tang1245/
annshouse.with,https://www.instagram.com/annshouse.with/
hee_things,https://www.instagram.com/hee_things/
eat_enjoy_seoul,https://www.instagram.com/eat_enjoy_seoul/
hara0758,https://www.instagram.com/hara0758/
rement_korea,https://www.instagram.com/rement_korea/
_ntjddbfd2da,https://www.instagram.com/_ntjddbfd2da/
gangwon__a,https://www.instagram.com/gangwon__a/
usa_catslovers_club,https://www.instagram.com/usa_catslovers_club/
nyamnyom_0305,https://www.instagram.com/nyamnyom_0305/
grace_202025,https://www.instagram.com/grace_202025/
gabi.turf,https://www.instagram.com/gabi.turf/
rita_seughyeo914,https://www.instagram.com/rita_seughyeo914/
mucha_cheongdam,https://www.instagram.com/mucha_cheongdam/
_we69__896,https://www.instagram.com/_we69__896/
ringring_canaisuup,https://www.instagram.com/ringring_canaisuup/
gabby_toy,https://www.instagram.com/gabby_toy/
zomozomo.cake,https://www.instagram.com/zomozomo.cake/
starfish._.universe,https://www.instagram.com/starfish._.universe/
oldcity_love,https://www.instagram.com/oldcity_love/
smp_studio_03,https://www.instagram.com/smp_studio_03/
gabiturff,https://www.instagram.com/gabiturff/
sopureum,https://www.instagram.com/sopureum/
boo_collection2,https://www.instagram.com/boo_collection2/
_merry_more_,https://www.instagram.com/_merry_more_/
jademimi_,https://www.instagram.com/jademimi_/
kang___kittykitty,https://www.instagram.com/kang___kittykitty/
sopumdomae,https://www.instagram.com/sopumdomae/
kac_gloria,https://www.instagram.com/kac_gloria/
kidult_lee,https://www.instagram.com/kidult_lee/
kaz_ms06r,https://www.instagram.com/kaz_ms06r/
hirohana8787,https://www.instagram.com/hirohana8787/
urban_cactus,https://www.instagram.com/urban_cactus/
abplamo,https://www.instagram.com/abplamo/
showa_robo,https://www.instagram.com/showa_robo/
one_collector_,https://www.instagram.com/one_collector_/
b_k.indie,https://www.instagram.com/b_k.indie/
pochacoo_kr,https://www.instagram.com/pochacoo_kr/
dingo_fly2020,https://www.instagram.com/dingo_fly2020/
tulboshop,https://www.instagram.com/tulboshop/
sifubanana,https://www.instagram.com/sifubanana/
rfnew,https://www.instagram.com/rfnew/
gundam_chrome,https://www.instagram.com/gundam_chrome/
oniku998,https://www.instagram.com/oniku998/
the_mecha_panda,https://www.instagram.com/the_mecha_panda/
creaturemania,https://www.instagram.com/creaturemania/
sung_u_1101,https://www.instagram.com/sung_u_1101/
titicaca_knit,https://www.instagram.com/titicaca_knit/
rose_and_atelier,https://www.instagram.com/rose_and_atelier/
chan_ono123,https://www.instagram.com/chan_ono123/
masterbase_no1,https://www.instagram.com/masterbase_no1/
shuusan7,https://www.instagram.com/shuusan7/
ssukreator,https://www.instagram.com/ssukreator/
melf231,https://www.instagram.com/melf231/
lee94_mildeok,https://www.instagram.com/lee94_mildeok/
kimhoyi,https://www.instagram.com/kimhoyi/
dutch_space_oddity,https://www.instagram.com/dutch_space_oddity/
marchen.land,https://www.instagram.com/marchen.land/
notyourfav.ny,https://www.instagram.com/notyourfav.ny/
iwant_gp,https://www.instagram.com/iwant_gp/
lilgikb_sickbrother,https://www.instagram.com/lilgikb_sickbrother/
toriman28,https://www.instagram.com/toriman28/
larcmanson,https://www.instagram.com/larcmanson/
3ofhell,https://www.instagram.com/3ofhell/
psb_daegu,https://www.instagram.com/psb_daegu/
service_manual_,https://www.instagram.com/service_manual_/
jsh._.figure,https://www.instagram.com/jsh._.figure/
w0o_ssam.zip,https://www.instagram.com/w0o_ssam.zip/
fanygunpla,https://www.instagram.com/fanygunpla/
hiroki_hobby,https://www.instagram.com/hiroki_hobby/
world_doll_museum,https://www.instagram.com/world_doll_museum/
hyun.u.k_0713,https://www.instagram.com/hyun.u.k_0713/
xie.xiaozhe,https://www.instagram.com/xie.xiaozhe/
ilovedoll__,https://www.instagram.com/ilovedoll__/
min_jung2020,https://www.instagram.com/min_jung2020/
ballanche,https://www.instagram.com/ballanche/
moon_hea_won,https://www.instagram.com/moon_hea_won/
enigmakorea,https://www.instagram.com/enigmakorea/
kira_kira81,https://www.instagram.com/kira_kira81/
ryuohdong,https://www.instagram.com/ryuohdong/
helong76,https://www.instagram.com/helong76/
hellokitty_yoon,https://www.instagram.com/hellokitty_yoon/
sky_retro_zzang,https://www.instagram.com/sky_retro_zzang/
i.seunghwan,https://www.instagram.com/i.seunghwan/
jino0221,https://www.instagram.com/jino0221/
yasu_pityu,https://www.instagram.com/yasu_pityu/
gmzgunpla,https://www.instagram.com/gmzgunpla/
andriyaschannel,https://www.instagram.com/andriyaschannel/
jka._.jka,https://www.instagram.com/jka._.jka/
gorugo_2022ok,https://www.instagram.com/gorugo_2022ok/
bar_white_base,https://www.instagram.com/bar_white_base/
justinhobby121,https://www.instagram.com/justinhobby121/
shin1.969,https://www.instagram.com/shin1.969/
pretender_skullgrin,https://www.instagram.com/pretender_skullgrin/
kongji1975,https://www.instagram.com/kongji1975/
tuxedom_char,https://www.instagram.com/tuxedom_char/
viu_ro_vintage,https://www.instagram.com/viu_ro_vintage/
loverdolls.2nd,https://www.instagram.com/loverdolls.2nd/
happykdh0213,https://www.instagram.com/happykdh0213/
ideadearch,https://www.instagram.com/ideadearch/
the_temple_of_gunpla,https://www.instagram.com/the_temple_of_gunpla/
rockingeek.ok,https://www.instagram.com/rockingeek.ok/
otakusoul_113,https://www.instagram.com/otakusoul_113/
art_boso,https://www.instagram.com/art_boso/
smilsmil37,https://www.instagram.com/smilsmil37/
thomas_gundam1119,https://www.instagram.com/thomas_gundam1119/
maci_az_idegen,https://www.instagram.com/maci_az_idegen/
purplebabymonkey,https://www.instagram.com/purplebabymonkey/
wilburs_wanderings,https://www.instagram.com/wilburs_wanderings/
dnnellyarts,https://www.instagram.com/dnnellyarts/
shiro_kuma0522,https://www.instagram.com/shiro_kuma0522/
chippy_bluebear,https://www.instagram.com/chippy_bluebear/
huta_kero,https://www.instagram.com/huta_kero/
sha_bao_618,https://www.instagram.com/sha_bao_618/
kellys_worldd,https://www.instagram.com/kellys_worldd/
gezerkentakilanlar,https://www.instagram.com/gezerkentakilanlar/
all.about.teddies,https://www.instagram.com/all.about.teddies/
recolorartsgallery,https://www.instagram.com/recolorartsgallery/
yeye_lifestylist,https://www.instagram.com/yeye_lifestylist/
aha_gyeongju,https://www.instagram.com/aha_gyeongju/
book_jaeng_e,https://www.instagram.com/book_jaeng_e/
monchhichi_world_,https://www.instagram.com/monchhichi_world_/
emils_erlebnisse,https://www.instagram.com/emils_erlebnisse/
gilbertthegingerbread,https://www.instagram.com/gilbertthegingerbread/
auti.craft,https://www.instagram.com/auti.craft/
albertwong2007,https://www.instagram.com/albertwong2007/
pinguimlionel,https://www.instagram.com/pinguimlionel/
renoto_aventure,https://www.instagram.com/renoto_aventure/
sloths_love_coffee,https://www.instagram.com/sloths_love_coffee/
a_coniglio_life,https://www.instagram.com/a_coniglio_life/
i_am_kuripo,https://www.instagram.com/i_am_kuripo/
twinkle_beam2023,https://www.instagram.com/twinkle_beam2023/
pukupuku_manpuku_0520,https://www.instagram.com/pukupuku_manpuku_0520/
qpqp.love2,https://www.instagram.com/qpqp.love2/
kalle_auf_reisen,https://www.instagram.com/kalle_auf_reisen/
rudolpho_2023,https://www.instagram.com/rudolpho_2023/
teddiesexploring,https://www.instagram.com/teddiesexploring/
fluffy_friend_seaton,https://www.instagram.com/fluffy_friend_seaton/
team.cashman,https://www.instagram.com/team.cashman/
girafolle,https://www.instagram.com/girafolle/
tiffany_octopus,https://www.instagram.com/tiffany_octopus/
the_bearbear_affect,https://www.instagram.com/the_bearbear_affect/
pigolino0355,https://www.instagram.com/pigolino0355/
o.o_rtensio,https://www.instagram.com/o.o_rtensio/
animol__animal,https://www.instagram.com/animol__animal/
guaco.avocado,https://www.instagram.com/guaco.avocado/
happyjohan111,https://www.instagram.com/happyjohan111/
anni_pepe,https://www.instagram.com/anni_pepe/
enno_und_fussel_aus_spandau,https://www.instagram.com/enno_und_fussel_aus_spandau/
bimos_tierische_bande,https://www.instagram.com/bimos_tierische_bande/
second.hugs,https://www.instagram.com/second.hugs/
dreamfriend365,https://www.instagram.com/dreamfriend365/
the_world_of_teddybears,https://www.instagram.com/the_world_of_teddybears/
kaitlynn.n.david,https://www.instagram.com/kaitlynn.n.david/
_leonardocollections,https://www.instagram.com/_leonardocollections/
tinkle.on.tour,https://www.instagram.com/tinkle.on.tour/
hildas.blog5,https://www.instagram.com/hildas.blog5/
paguzoutokururi,https://www.instagram.com/paguzoutokururi/
lottyo_kumata_25,https://www.instagram.com/lottyo_kumata_25/
kumashitochiyoshi,https://www.instagram.com/kumashitochiyoshi/
travelingdangler,https://www.instagram.com/travelingdangler/
made.with.love.n,https://www.instagram.com/made.with.love.n/
loui_little_monkey,https://www.instagram.com/loui_little_monkey/
harry.plushie.peluche,https://www.instagram.com/harry.plushie.peluche/
thesnorps,https://www.instagram.com/thesnorps/
teppandecoboko,https://www.instagram.com/teppandecoboko/
kuhle_else,https://www.instagram.com/kuhle_else/
anton_goldbaer_and_friends,https://www.instagram.com/anton_goldbaer_and_friends/
charlythemonkey2019,https://www.instagram.com/charlythemonkey2019/
elvispup2023,https://www.instagram.com/elvispup2023/
flower_sumanekoa,https://www.instagram.com/flower_sumanekoa/
honey_aktau_1,https://www.instagram.com/honey_aktau_1/
thatsheeplife,https://www.instagram.com/thatsheeplife/
schaf.von.der.weide,https://www.instagram.com/schaf.von.der.weide/
pomwonderfulpenguin,https://www.instagram.com/pomwonderfulpenguin/
foxy.foxenberg,https://www.instagram.com/foxy.foxenberg/
brown_and_brownie,https://www.instagram.com/brown_and_brownie/
the_bear_bruno_,https://www.instagram.com/the_bear_bruno_/
gdanek_the_lion,https://www.instagram.com/gdanek_the_lion/
bearcoffee05,https://www.instagram.com/bearcoffee05/
fernslifeadventures,https://www.instagram.com/fernslifeadventures/
bjoern_bear_berlin21,https://www.instagram.com/bjoern_bear_berlin21/
perfildeturista,https://www.instagram.com/perfildeturista/
nelsonandbobson,https://www.instagram.com/nelsonandbobson/
teddy.bear.br,https://www.instagram.com/teddy.bear.br/
helmut_forever,https://www.instagram.com/helmut_forever/
george_3arregui,https://www.instagram.com/george_3arregui/
boomboom_bears,https://www.instagram.com/boomboom_bears/
kiwibird_jiabi_family,https://www.instagram.com/kiwibird_jiabi_family/
charlys_abenteuer,https://www.instagram.com/charlys_abenteuer/
curious.and.friends,https://www.instagram.com/curious.and.friends/
cute_littleboy6,https://www.instagram.com/cute_littleboy6/
die_karlchens,https://www.instagram.com/die_karlchens/
kawausobijin,https://www.instagram.com/kawausobijin/
stofftierfabrik,https://www.instagram.com/stofftierfabrik/
frieda.knorrig,https://www.instagram.com/frieda.knorrig/
penguin_owners,https://www.instagram.com/penguin_owners/
timon_und_freunde_on_tour,https://www.instagram.com/timon_und_freunde_on_tour/
becomingthatbear,https://www.instagram.com/becomingthatbear/
theadventuresofsimeon,https://www.instagram.com/theadventuresofsimeon/
sloth__funny,https://www.instagram.com/sloth__funny/
venture_the_bear,https://www.instagram.com/venture_the_bear/
monkeyfoodielife,https://www.instagram.com/monkeyfoodielife/
tanaka3621,https://www.instagram.com/tanaka3621/
eaudeiony,https://www.instagram.com/eaudeiony/
diaval_the_little_red_dragon,https://www.instagram.com/diaval_the_little_red_dragon/
yang_the.unicorn,https://www.instagram.com/yang_the.unicorn/
chocodream_ymt,https://www.instagram.com/chocodream_ymt/
pinkpantheerrr,https://www.instagram.com/pinkpantheerrr/
charityandfamily,https://www.instagram.com/charityandfamily/
felix.lieblingsteddy,https://www.instagram.com/felix.lieblingsteddy/
miniteddybearsaturlando,https://www.instagram.com/miniteddybearsaturlando/
lolmarty50,https://www.instagram.com/lolmarty50/
freddythepolarbear,https://www.instagram.com/freddythepolarbear/
ameliaartgemunlock,https://www.instagram.com/ameliaartgemunlock/
pedro_lepanda,https://www.instagram.com/pedro_lepanda/
8yamamotoyama8,https://www.instagram.com/8yamamotoyama8/
shocolaatje,https://www.instagram.com/shocolaatje/
les_aventures_de.lapinou,https://www.instagram.com/les_aventures_de.lapinou/
chocolate_red_bean,https://www.instagram.com/chocolate_red_bean/
fred_the_mammoth,https://www.instagram.com/fred_the_mammoth/
wancoro_156,https://www.instagram.com/wancoro_156/
wardrobe_bearli,https://www.instagram.com/wardrobe_bearli/
named_mr.monster,https://www.instagram.com/named_mr.monster/
helmuttheturtle,https://www.instagram.com/helmuttheturtle/
best_loved_bear,https://www.instagram.com/best_loved_bear/
thebearscrappy,https://www.instagram.com/thebearscrappy/
peaches_llama,https://www.instagram.com/peaches_llama/
edek_sprinter,https://www.instagram.com/edek_sprinter/
ernstdeuil,https://www.instagram.com/ernstdeuil/
mybracelet_kokka,https://www.instagram.com/mybracelet_kokka/
morgan_and_friends,https://www.instagram.com/morgan_and_friends/
waddles.penguin.life,https://www.instagram.com/waddles.penguin.life/
bronta_jattelik,https://www.instagram.com/bronta_jattelik/
god_ten_wolf,https://www.instagram.com/god_ten_wolf/
little_brother_pori,https://www.instagram.com/little_brother_pori/
chipchiptraveldiary,https://www.instagram.com/chipchiptraveldiary/
astralacharms,https://www.instagram.com/astralacharms/
1tipua,https://www.instagram.com/1tipua/
mr__mewati___74,https://www.instagram.com/mr__mewati___74/
blouse_ours,https://www.instagram.com/blouse_ours/
thegiraffepuppies_official,https://www.instagram.com/thegiraffepuppies_official/
realoskar_onthe_run,https://www.instagram.com/realoskar_onthe_run/
uno_ente_eins,https://www.instagram.com/uno_ente_eins/
hi_im_buddy47,https://www.instagram.com/hi_im_buddy47/
beachbear47,https://www.instagram.com/beachbear47/
minnie_around_the_world,https://www.instagram.com/minnie_around_the_world/
peter_monkey_,https://www.instagram.com/peter_monkey_/
crucible2008,https://www.instagram.com/crucible2008/
baby_preston_and_dadaloren,https://www.instagram.com/baby_preston_and_dadaloren/
et.and.jellies,https://www.instagram.com/et.and.jellies/
angelagagnon28,https://www.instagram.com/angelagagnon28/
pinguin_nickii_official,https://www.instagram.com/pinguin_nickii_official/
big_frankieeee,https://www.instagram.com/big_frankieeee/
moonmoon________,https://www.instagram.com/moonmoon________/
littlecowandfriends,https://www.instagram.com/littlecowandfriends/
the_adventures_of_favette,https://www.instagram.com/the_adventures_of_favette/
collarumma,https://www.instagram.com/collarumma/
grueffi_and_friends,https://www.instagram.com/grueffi_and_friends/
little.e.ma.bear,https://www.instagram.com/little.e.ma.bear/
ourplushiefamily,https://www.instagram.com/ourplushiefamily/
chefbaer,https://www.instagram.com/chefbaer/
the_real_art_critic,https://www.instagram.com/the_real_art_critic/
simon_bear_in_the_city,https://www.instagram.com/simon_bear_in_the_city/
hana.k.nasubi87,https://www.instagram.com/hana.k.nasubi87/
squishandbeans,https://www.instagram.com/squishandbeans/
horsie1986,https://www.instagram.com/horsie1986/
mimianddoggies,https://www.instagram.com/mimianddoggies/
pitcha.navlaz,https://www.instagram.com/pitcha.navlaz/
osakos_poumpi,https://www.instagram.com/osakos_poumpi/
_chronicpain_invisibleillness,https://www.instagram.com/_chronicpain_invisibleillness/
the.happy_robby,https://www.instagram.com/the.happy_robby/
azuzu3919,https://www.instagram.com/azuzu3919/
cubby.brothers,https://www.instagram.com/cubby.brothers/
nobbyswelt,https://www.instagram.com/nobbyswelt/
lovepenpenlove,https://www.instagram.com/lovepenpenlove/
bunnymouse2020,https://www.instagram.com/bunnymouse2020/
choco_le_doudou,https://www.instagram.com/choco_le_doudou/
franz_penguin,https://www.instagram.com/franz_penguin/
atataktoys,https://www.instagram.com/atataktoys/
timberstravels,https://www.instagram.com/timberstravels/
koala_bee.bee,https://www.instagram.com/koala_bee.bee/
tutu_hedgehog,https://www.instagram.com/tutu_hedgehog/
