account,account_url
sppoookkylife,https://www.instagram.com/sppoookkylife/,
emersonorellanaart,https://www.instagram.com/emersonorellanaart/,
ai.millmill,https://www.instagram.com/ai.millmill/,
74matthias,https://www.instagram.com/74matthias/,
jahmalzy_art,https://www.instagram.com/jahmalzy_art/,
captainematt,https://www.instagram.com/captainematt/,
digicat_art,https://www.instagram.com/digicat_art/,
pugad_ni_jonet,https://www.instagram.com/pugad_ni_jonet/,
awsynap,https://www.instagram.com/awsynap/,
marcelovallefotografia,https://www.instagram.com/marcelovallefotografia/,
unique_element_films,https://www.instagram.com/unique_element_films/,
malinkina_la_na,https://www.instagram.com/malinkina_la_na/,
evilk0815,https://www.instagram.com/evilk0815/,
salim.kaiss,https://www.instagram.com/salim.kaiss/,
nicole_hoppmann,https://www.instagram.com/nicole_hoppmann/,
thats_brilliantly_crazy,https://www.instagram.com/thats_brilliantly_crazy/,
yokbrille,https://www.instagram.com/yokbrille/,
les_tresart_de_zoe,https://www.instagram.com/les_tresart_de_zoe/,
retrofantasyworld_ai,https://www.instagram.com/retrofantasyworld_ai/,
avian_art.987,https://www.instagram.com/avian_art.987/,
wepublishscifi,https://www.instagram.com/wepublishscifi/,
lv10_conjurer_ai,https://www.instagram.com/lv10_conjurer_ai/,
kati_firefly,https://www.instagram.com/kati_firefly/,
imthinkingoutloud,https://www.instagram.com/imthinkingoutloud/,
david_beret,https://www.instagram.com/david_beret/,
meta_prodx,https://www.instagram.com/meta_prodx/,
calebs_artworld,https://www.instagram.com/calebs_artworld/,
mndigiart6,https://www.instagram.com/mndigiart6/,
thomas_themoreira,https://www.instagram.com/thomas_themoreira/,
andrespasstel_artpaint,https://www.instagram.com/andrespasstel_artpaint/,
sergiosuave23,https://www.instagram.com/sergiosuave23/,
fleetwoodmacgone,https://www.instagram.com/fleetwoodmacgone/,
the_goldenmimi,https://www.instagram.com/the_goldenmimi/,
liya_ai_art,https://www.instagram.com/liya_ai_art/,
light.art.22,https://www.instagram.com/light.art.22/,
starc.ai.ne,https://www.instagram.com/starc.ai.ne/,
itscyber92,https://www.instagram.com/itscyber92/,
alexander_bacb,https://www.instagram.com/alexander_bacb/,
mielonentopias,https://www.instagram.com/mielonentopias/,
lornidea,https://www.instagram.com/lornidea/,
artsgallery5413,https://www.instagram.com/artsgallery5413/,
rudra_pegwal_,https://www.instagram.com/rudra_pegwal_/,
midjrny.guy,https://www.instagram.com/midjrny.guy/,
smokeaway2030,https://www.instagram.com/smokeaway2030/,
future_ai_communities,https://www.instagram.com/future_ai_communities/,
modabitti,https://www.instagram.com/modabitti/,
mercurialbluez,https://www.instagram.com/mercurialbluez/,
ninturna,https://www.instagram.com/ninturna/,
generativeden,https://www.instagram.com/generativeden/,
namazu.photo,https://www.instagram.com/namazu.photo/
shu.konno,https://www.instagram.com/shu.konno/
yousef.bouaddi,https://www.instagram.com/yousef.bouaddi/
emmabain18,https://www.instagram.com/emmabain18/
ai.holoversum.art,https://www.instagram.com/ai.holoversum.art/
talesfromdigiminds,https://www.instagram.com/talesfromdigiminds/
digitallartland,https://www.instagram.com/digitallartland/
de.vourai,https://www.instagram.com/de.vourai/
crisillustrate,https://www.instagram.com/crisillustrate/
la_mid_creations_,https://www.instagram.com/la_mid_creations_/
professormoriarty_ai,https://www.instagram.com/professormoriarty_ai/
alexasamurai96,https://www.instagram.com/alexasamurai96/
leonardo_ai_ukraine,https://www.instagram.com/leonardo_ai_ukraine/
toriyanbal3810,https://www.instagram.com/toriyanbal3810/
professorfenris,https://www.instagram.com/professorfenris/
sentido_criativo,https://www.instagram.com/sentido_criativo/
artvisualverse,https://www.instagram.com/artvisualverse/
marinefxart,https://www.instagram.com/marinefxart/
artvisioons.ai,https://www.instagram.com/artvisioons.ai/
ai_artist_o.kaposi,https://www.instagram.com/ai_artist_o.kaposi/
kiispacer,https://www.instagram.com/kiispacer/
ai_anarchy,https://www.instagram.com/ai_anarchy/
kaffeelfe,https://www.instagram.com/kaffeelfe/
_notochord_,https://www.instagram.com/_notochord_/
generatedaiartist,https://www.instagram.com/generatedaiartist/
roborender.art,https://www.instagram.com/roborender.art/
fabsfable.ai,https://www.instagram.com/fabsfable.ai/
aisagacrafters,https://www.instagram.com/aisagacrafters/
aistrokemaster,https://www.instagram.com/aistrokemaster/
apocalyptic.survivor,https://www.instagram.com/apocalyptic.survivor/
pixel_perfect_mae,https://www.instagram.com/pixel_perfect_mae/
immaginaecrea7,https://www.instagram.com/immaginaecrea7/
art_in_wilderness,https://www.instagram.com/art_in_wilderness/
brigat,https://www.instagram.com/brigat/
f_maire_intelligent_artist,https://www.instagram.com/f_maire_intelligent_artist/
digital_art_concepts_818,https://www.instagram.com/digital_art_concepts_818/
sivi.ai,https://www.instagram.com/sivi.ai/
ai.allcolors,https://www.instagram.com/ai.allcolors/
anime.otaku.addict,https://www.instagram.com/anime.otaku.addict/
sampelspaul,https://www.instagram.com/sampelspaul/
pepophot.ai,https://www.instagram.com/pepophot.ai/
ninaeiai,https://www.instagram.com/ninaeiai/
artdream.ai,https://www.instagram.com/artdream.ai/
horus_vivid_art,https://www.instagram.com/horus_vivid_art/
myrefineart,https://www.instagram.com/myrefineart/
synergicpulse1,https://www.instagram.com/synergicpulse1/
the_ai_artist_mom,https://www.instagram.com/the_ai_artist_mom/
pixelarte_ia,https://www.instagram.com/pixelarte_ia/
nightmare.generator,https://www.instagram.com/nightmare.generator/
my.darklings,https://www.instagram.com/my.darklings/
vegeniai,https://www.instagram.com/vegeniai/
morkahja,https://www.instagram.com/morkahja/
renata_ghost_chikoasahi_,https://www.instagram.com/renata_ghost_chikoasahi_/
ai.myworld,https://www.instagram.com/ai.myworld/
sasor_art,https://www.instagram.com/sasor_art/
alexandra.i.isaac,https://www.instagram.com/alexandra.i.isaac/
theraceai,https://www.instagram.com/theraceai/
_sunnymoon__,https://www.instagram.com/_sunnymoon__/
meliantamar,https://www.instagram.com/meliantamar/
mrqid,https://www.instagram.com/mrqid/
fl0wer_lady_,https://www.instagram.com/fl0wer_lady_/
ktprompts,https://www.instagram.com/ktprompts/
alterkof,https://www.instagram.com/alterkof/
theatomicsamurai,https://www.instagram.com/theatomicsamurai/
a.i._portraits,https://www.instagram.com/a.i._portraits/
pixelunitedgames,https://www.instagram.com/pixelunitedgames/
creativegallery.in,https://www.instagram.com/creativegallery.in/
lyrhep24,https://www.instagram.com/lyrhep24/
ai_art_jedima,https://www.instagram.com/ai_art_jedima/
_aiartramy______,https://www.instagram.com/_aiartramy______/
designs_arts_ai,https://www.instagram.com/designs_arts_ai/
ai_real2fantasy,https://www.instagram.com/ai_real2fantasy/
margareth_ai_creative,https://www.instagram.com/margareth_ai_creative/
numerikart_g_l,https://www.instagram.com/numerikart_g_l/
promptbrainless,https://www.instagram.com/promptbrainless/
my__bnw__world,https://www.instagram.com/my__bnw__world/
sheri.d.jones,https://www.instagram.com/sheri.d.jones/
ai.cats.daily,https://www.instagram.com/ai.cats.daily/
kaileena.ai,https://www.instagram.com/kaileena.ai/
a_imagine_art,https://www.instagram.com/a_imagine_art/
treasures_from_ai,https://www.instagram.com/treasures_from_ai/
se7en.luis,https://www.instagram.com/se7en.luis/
ms.maldesigns.ai,https://www.instagram.com/ms.maldesigns.ai/
the.wondersofai,https://www.instagram.com/the.wondersofai/
fantasy.of.galaxy,https://www.instagram.com/fantasy.of.galaxy/
aicooper1377,https://www.instagram.com/aicooper1377/
cyborgdolls7,https://www.instagram.com/cyborgdolls7/
supermodelsinc1,https://www.instagram.com/supermodelsinc1/
ai_worldworks,https://www.instagram.com/ai_worldworks/
artpixelgraphic,https://www.instagram.com/artpixelgraphic/
milex.ai,https://www.instagram.com/milex.ai/
fascinadamente,https://www.instagram.com/fascinadamente/
nisermusic,https://www.instagram.com/nisermusic/
second_face_22,https://www.instagram.com/second_face_22/
avatarmash,https://www.instagram.com/avatarmash/
neuralcrafts,https://www.instagram.com/neuralcrafts/
mariosvianna,https://www.instagram.com/mariosvianna/
alcraftedvisions,https://www.instagram.com/alcraftedvisions/
shai_girls,https://www.instagram.com/shai_girls/
meteorimpactai,https://www.instagram.com/meteorimpactai/
technological_wasteland,https://www.instagram.com/technological_wasteland/
ai.bananas,https://www.instagram.com/ai.bananas/
labotomieai_,https://www.instagram.com/labotomieai_/
a.i.nime_dreaming,https://www.instagram.com/a.i.nime_dreaming/
visionaryvoyageart,https://www.instagram.com/visionaryvoyageart/
thats.no.moon.ai,https://www.instagram.com/thats.no.moon.ai/
jadegretz,https://www.instagram.com/jadegretz/
ag3.ia,https://www.instagram.com/ag3.ia/
thoughts.to.reality,https://www.instagram.com/thoughts.to.reality/
aicanvasgallery,https://www.instagram.com/aicanvasgallery/
kailabs.art.noir,https://www.instagram.com/kailabs.art.noir/
aiviral.art,https://www.instagram.com/aiviral.art/
ai.snowy,https://www.instagram.com/ai.snowy/
shuri__neotokyo,https://www.instagram.com/shuri__neotokyo/
fizx_ai,https://www.instagram.com/fizx_ai/
ingenium_et_ars,https://www.instagram.com/ingenium_et_ars/
tempting_ai_art,https://www.instagram.com/tempting_ai_art/
whoawhoawhoaaai,https://www.instagram.com/whoawhoawhoaaai/
aamak_rith,https://www.instagram.com/aamak_rith/
nebzao,https://www.instagram.com/nebzao/
stary.geek,https://www.instagram.com/stary.geek/
fotosdanielroldan,https://www.instagram.com/fotosdanielroldan/
drawiaj,https://www.instagram.com/drawiaj/
ai_image_studio_walsh,https://www.instagram.com/ai_image_studio_walsh/
sopn8270,https://www.instagram.com/sopn8270/
nixaidrawings,https://www.instagram.com/nixaidrawings/
sexartwork,https://www.instagram.com/sexartwork/
cordero.ai.photography,https://www.instagram.com/cordero.ai.photography/
aiart_sublime,https://www.instagram.com/aiart_sublime/
creepyhorrors.ai,https://www.instagram.com/creepyhorrors.ai/
blackswanstudio.eu,https://www.instagram.com/blackswanstudio.eu/
thecrownedmind,https://www.instagram.com/thecrownedmind/
artluminaportraits,https://www.instagram.com/artluminaportraits/
f.a.b.shirts,https://www.instagram.com/f.a.b.shirts/
bruno.zaijonz,https://www.instagram.com/bruno.zaijonz/
cordero.ai.design,https://www.instagram.com/cordero.ai.design/
a.i.tificial,https://www.instagram.com/a.i.tificial/
ajithjayasinghe1,https://www.instagram.com/ajithjayasinghe1/
digital_art_storytelling,https://www.instagram.com/digital_art_storytelling/
artfusionverse,https://www.instagram.com/artfusionverse/
neko.ia.art,https://www.instagram.com/neko.ia.art/
aisthetic_pix,https://www.instagram.com/aisthetic_pix/
thesyntheticsuperstars,https://www.instagram.com/thesyntheticsuperstars/
dal.ai.designs.digitalart.nfts,https://www.instagram.com/dal.ai.designs.digitalart.nfts/
unlimit3d.ai,https://www.instagram.com/unlimit3d.ai/
onedayonedalle,https://www.instagram.com/onedayonedalle/
eurocoise_andy,https://www.instagram.com/eurocoise_andy/
ecocampershop,https://www.instagram.com/ecocampershop/
guerreiroia,https://www.instagram.com/guerreiroia/
aiart_universe,https://www.instagram.com/aiart_universe/
theai.artist,https://www.instagram.com/theai.artist/
shadediffusion,https://www.instagram.com/shadediffusion/
iizenx,https://www.instagram.com/iizenx/
anothersocial,https://www.instagram.com/anothersocial/
kaleidoscope_ho,https://www.instagram.com/kaleidoscope_ho/
a.i.chemist,https://www.instagram.com/a.i.chemist/
fidel.mehra,https://www.instagram.com/fidel.mehra/
badimagination825,https://www.instagram.com/badimagination825/
bflyzone,https://www.instagram.com/bflyzone/
artluiss,https://www.instagram.com/artluiss/
legend_echorodnim,https://www.instagram.com/legend_echorodnim/
leonardoaiart,https://www.instagram.com/leonardoaiart/
raingini_ai,https://www.instagram.com/raingini_ai/
codyjsavage,https://www.instagram.com/codyjsavage/
savepointofficial,https://www.instagram.com/savepointofficial/
trudics.gabi,https://www.instagram.com/trudics.gabi/
lachrymalstudio.ai,https://www.instagram.com/lachrymalstudio.ai/
ai.fredy.creation,https://www.instagram.com/ai.fredy.creation/
thecathistorian,https://www.instagram.com/thecathistorian/
catscornergraphics,https://www.instagram.com/catscornergraphics/
dream_picture_ai,https://www.instagram.com/dream_picture_ai/
gincyville,https://www.instagram.com/gincyville/
eron_ai_creator,https://www.instagram.com/eron_ai_creator/
innov8_art,https://www.instagram.com/innov8_art/
ai.stargaze,https://www.instagram.com/ai.stargaze/
ai.prompt.aura,https://www.instagram.com/ai.prompt.aura/
stalker_lens_ai,https://www.instagram.com/stalker_lens_ai/
artistically.immaculate,https://www.instagram.com/artistically.immaculate/
eye.candy.ai,https://www.instagram.com/eye.candy.ai/
animatedwisdom9,https://www.instagram.com/animatedwisdom9/
bbobby.art,https://www.instagram.com/bbobby.art/
infinitejourney1231,https://www.instagram.com/infinitejourney1231/
trx.photomanipulation,https://www.instagram.com/trx.photomanipulation/
atlaxa,https://www.instagram.com/atlaxa/
_qwer.tys.ai_,https://www.instagram.com/_qwer.tys.ai_/
imaginary.crafts,https://www.instagram.com/imaginary.crafts/
candeiasluis,https://www.instagram.com/candeiasluis/
aimindblast,https://www.instagram.com/aimindblast/
aiart_samina,https://www.instagram.com/aiart_samina/
animaland.studio,https://www.instagram.com/animaland.studio/
el_creador_de_espejismos,https://www.instagram.com/el_creador_de_espejismos/
__art4ia,https://www.instagram.com/__art4ia/
latentarcana,https://www.instagram.com/latentarcana/
amy_drastie_art,https://www.instagram.com/amy_drastie_art/
end_time_romance,https://www.instagram.com/end_time_romance/
dee.a.i,https://www.instagram.com/dee.a.i/
iamai_art,https://www.instagram.com/iamai_art/
violaa.valentini,https://www.instagram.com/violaa.valentini/
the_rockamonsters,https://www.instagram.com/the_rockamonsters/
mindscape_storm,https://www.instagram.com/mindscape_storm/
pumpkinhenhouse,https://www.instagram.com/pumpkinhenhouse/
sopi.ai.ia,https://www.instagram.com/sopi.ai.ia/
enigma.structures,https://www.instagram.com/enigma.structures/
xperimental_space,https://www.instagram.com/xperimental_space/
stairvingartist,https://www.instagram.com/stairvingartist/
theai.creative,https://www.instagram.com/theai.creative/
gimmethejuiceboy,https://www.instagram.com/gimmethejuiceboy/
ai_aesthetic25,https://www.instagram.com/ai_aesthetic25/
q_ai_art,https://www.instagram.com/q_ai_art/
fanthasia.ai,https://www.instagram.com/fanthasia.ai/
primavera__retorcida,https://www.instagram.com/primavera__retorcida/
donamara.ai,https://www.instagram.com/donamara.ai/
stann.is_,https://www.instagram.com/stann.is_/
dreamland.wonders,https://www.instagram.com/dreamland.wonders/
fantastical.creature.portraits,https://www.instagram.com/fantastical.creature.portraits/
aiartgenerations.ai,https://www.instagram.com/aiartgenerations.ai/
cicurves.png,https://www.instagram.com/cicurves.png/
luvpartyn,https://www.instagram.com/luvpartyn/
luis_m_vasconcelos,https://www.instagram.com/luis_m_vasconcelos/
saizoai,https://www.instagram.com/saizoai/
ysf.ai,https://www.instagram.com/ysf.ai/
restnpeas,https://www.instagram.com/restnpeas/
fit_alexandra20,https://www.instagram.com/fit_alexandra20/
aicreat.ed,https://www.instagram.com/aicreat.ed/
kamel.lokman,https://www.instagram.com/kamel.lokman/
ai.editorial,https://www.instagram.com/ai.editorial/
bita_illustration,https://www.instagram.com/bita_illustration/
chromelore,https://www.instagram.com/chromelore/
purelife_ai,https://www.instagram.com/purelife_ai/
imaginary_connection,https://www.instagram.com/imaginary_connection/
its_editor_aj,https://www.instagram.com/its_editor_aj/
the_vibe.ai,https://www.instagram.com/the_vibe.ai/
softbarfbag,https://www.instagram.com/softbarfbag/
pureimaginationai,https://www.instagram.com/pureimaginationai/
collageri.ai,https://www.instagram.com/collageri.ai/
fashion.ai.design,https://www.instagram.com/fashion.ai.design/
parallel.fbx,https://www.instagram.com/parallel.fbx/
linda03.10,https://www.instagram.com/linda03.10/
_chilly.mango.ai,https://www.instagram.com/_chilly.mango.ai/
dystoairealm,https://www.instagram.com/dystoairealm/
voyager_ai,https://www.instagram.com/voyager_ai/
ai_ilariamerola,https://www.instagram.com/ai_ilariamerola/
artbychijioke,https://www.instagram.com/artbychijioke/
historiai_art,https://www.instagram.com/historiai_art/
aibildagentur,https://www.instagram.com/aibildagentur/
_color_palett_,https://www.instagram.com/_color_palett_/
simona.rosso_,https://www.instagram.com/simona.rosso_/
ai_artist_fun,https://www.instagram.com/ai_artist_fun/
jokeman913,https://www.instagram.com/jokeman913/
digitalartonly,https://www.instagram.com/digitalartonly/
myau.ai,https://www.instagram.com/myau.ai/
nft.art.top,https://www.instagram.com/nft.art.top/
magpie_and_merle,https://www.instagram.com/magpie_and_merle/
a.i.bellissima,https://www.instagram.com/a.i.bellissima/
trippyanimals,https://www.instagram.com/trippyanimals/
ai.art.ai27,https://www.instagram.com/ai.art.ai27/
chris_ai_factory,https://www.instagram.com/chris_ai_factory/
love_ai111,https://www.instagram.com/love_ai111/
n3oray,https://www.instagram.com/n3oray/
senior_collector,https://www.instagram.com/senior_collector/
studio_saint_blaise,https://www.instagram.com/studio_saint_blaise/
museinthemachine,https://www.instagram.com/museinthemachine/
fantasy_ia_world,https://www.instagram.com/fantasy_ia_world/
art.verse83,https://www.instagram.com/art.verse83/
the.cryptic.realms,https://www.instagram.com/the.cryptic.realms/
